Zone,Sr87.86.Mean,Sr87.86.SD,Ba.Mean,Ba.SD,Ca.Mean,Ca.SD,Fe.Mean,Fe.SD,Mn.Mean,Mn.SD,Mg.Mean,Mg.SD,Sr.Mean,Sr.SD,Ba.Ca.Mean,Ba.Ca.SD,Fe.Ca.Mean,Fe.Ca.SD,Mn.Ca.Mean,Mn.Ca.SD,Mg.Ca.Mean,Mg.Ca.SD,Sr.Ca.Mean,Sr.Ca.SD,Temperature.Mean,Temperature.SD,pH.Mean,pH.SD,DO.Mean,DO.SD,DO.mg.Mean,DO.mg.SD,Cond.Mean,Cond.SD,Turb.Mean,Turb.SD
Estuary/Lower Clarence ,0.7093373,0.005839209,0.049,0.043,201.404,177.184,0.06,0.13,0.107,0.152,633.027,535.138,3.888,3.17,0.00173,0.00286,0.01026,0.03366,0.00487,0.00968,2.86875,1.1588,0.02027,0.00581,24.43,2.89,7.62,0.55,89.07,12.5,6.64,0.83,26.37,21.5,15.95,27.19
Orara,0.7091851,0.002052989,0.029,0.01,3.053,1.997,0.29,0.13,0.022,0.016,2.673,1.709,0.043,0.034,0.01088,0.00298,0.14623,0.10287,0.01113,0.00825,0.87597,0.03925,0.01325,0.00226,23.43,4.18,7.01,0.77,89.12,11.08,7.61,0.91,0.1,0.08,41.67,42.05
Clarence main stem,0.7029131,0.000145971,0.015,0.004,6.924,2.033,0.08,0.02,0.013,0.011,5.579,1.668,0.085,0.027,0.00216,0.00015,0.01277,0.00662,0.00203,0.00155,0.80433,0.03051,0.0123,0.00143,26,4.55,8.21,0.74,109.4,17.86,8.73,0.79,0.17,0.06,0.93,1.37
Mann - Nymboida -Boyd,0.7053108,0.004366565,0.016,0.008,5.945,5.689,0.42,0.53,0.03,0.031,3.617,4.573,0.048,0.035,0.00589,0.00614,0.14238,0.15661,0.0095,0.0111,0.5709,0.169,0.00936,0.00259,21.02,3.97,7.51,0.57,89.49,24.22,7.76,1.94,0.08,0.08,5.62,7.93
Northern tributaries,0.7078759,0.006590003,0.037,0.032,16.852,11.616,0.439,0.418,0.282,0.737,13.401,15.949,0.196,0.175,0.00293,0.00285,0.06658,0.1022,0.01852,0.0308,0.67464,0.3242,0.01054,0.0037,26.22,3.96,8.17,0.76,89.13,34.45,7.6,2.62,0.44,0.08,8.13,11.93
